<?xml version="1.0" encoding="UTF-8"?>
<project-private xmlns="http://www.netbeans.org/ns/project-private/1">
    <editor-bookmarks xmlns="http://www.netbeans.org/ns/editor-bookmarks/2" lastBookmarkId="0"/>
    <open-files xmlns="http://www.netbeans.org/ns/projectui-open-files/2">
        <group>
            <file>file:/C:/Users/Isabel/Desktop/Miguel/UNIMET/Estructura%20de%20Datos/Proyecto1/src/proyecto1/NodoUsuario.java</file>
            <file>file:/C:/Users/Isabel/Desktop/Miguel/UNIMET/Estructura%20de%20Datos/Proyecto1/src/proyecto1/NodoRelacion.java</file>
            <file>file:/C:/Users/Isabel/Desktop/Miguel/UNIMET/Estructura%20de%20Datos/Proyecto1/src/proyecto1/ListaRelacion.java</file>
            <file>file:/C:/Users/Isabel/Desktop/Miguel/UNIMET/Estructura%20de%20Datos/Proyecto1/src/proyecto1/ListaUsuario.java</file>
            <file>file:/C:/Users/Isabel/Desktop/Miguel/UNIMET/Estructura%20de%20Datos/Proyecto1/src/interfaz/Grafo.java</file>
            <file>file:/C:/Users/Isabel/Desktop/Miguel/UNIMET/Estructura%20de%20Datos/Proyecto1/test/redsocial.txt</file>
            <file>file:/C:/Users/Isabel/Desktop/Miguel/UNIMET/Estructura%20de%20Datos/Proyecto1/src/proyecto1/Proyecto1.java</file>
            <file>file:/C:/Users/Isabel/Desktop/Miguel/UNIMET/Estructura%20de%20Datos/Proyecto1/src/interfaz/Ventana.java</file>
        </group>
    </open-files>
</project-private>
